,id,sweet,acidity,body,tannin,type
0,161931,1.0,3.0,5.0,4.0,1.0
1,147249,1.0,4.0,5.0,4.0,1.0
2,166794,1.0,3.0,5.0,3.0,1.0
3,162289,1.0,3.0,4.0,4.0,1.0
4,158963,1.0,4.0,4.0,4.0,1.0
5,168474,1.0,4.0,3.0,1.0,2.0
6,161398,1.0,5.0,4.0,1.0,2.0
7,162017,1.0,3.0,4.0,3.0,1.0
8,149216,1.0,5.0,3.0,3.0,1.0
9,148368,1.0,3.0,4.0,3.0,1.0
10,138238,1.0,3.0,5.0,4.0,1.0
11,154395,1.0,4.0,3.0,1.0,3.0
12,149109,1.0,4.0,3.0,2.0,1.0
13,152908,1.0,3.0,3.0,3.0,1.0
14,163159,1.0,3.0,4.0,4.0,1.0
15,145193,1.0,3.0,3.0,3.0,1.0
16,163684,1.0,4.0,4.0,3.0,1.0
17,142463,1.0,4.0,4.0,4.0,1.0
18,142407,1.0,2.0,2.0,2.0,1.0
19,161953,1.0,5.0,3.0,3.0,1.0
20,166745,1.0,4.0,2.0,1.0,2.0
21,161133,1.0,4.0,3.0,3.0,1.0
22,167484,1.0,4.0,3.0,4.0,1.0
23,160939,1.0,4.0,3.0,1.0,2.0
24,161041,1.0,4.0,5.0,4.0,1.0
25,168305,1.0,3.0,2.0,1.0,4.0
26,145485,1.0,4.0,4.0,4.0,1.0
27,149093,1.0,4.0,3.0,2.0,1.0
28,159223,1.0,4.0,3.0,3.0,1.0
29,143837,1.0,4.0,3.0,4.0,1.0
30,146066,1.0,4.0,3.0,1.0,2.0
31,148643,1.0,3.0,2.0,2.0,1.0
32,151458,1.0,5.0,3.0,2.0,1.0
33,141485,1.0,3.0,4.0,3.0,1.0
34,154803,1.0,4.0,3.0,1.0,2.0
35,145218,1.0,4.0,2.0,1.0,2.0
36,156152,1.0,3.0,3.0,1.0,2.0
37,166103,1.0,4.0,4.0,4.0,1.0
38,154613,1.0,3.0,4.0,3.0,1.0
39,151453,1.0,3.0,4.0,5.0,1.0
40,152091,1.0,3.0,5.0,4.0,1.0
41,147213,1.0,4.0,3.0,4.0,1.0
42,165431,1.0,3.0,2.0,1.0,2.0
43,149570,1.0,4.0,2.0,1.0,3.0
44,155873,1.0,3.0,3.0,3.0,1.0
45,155255,1.0,3.0,3.0,3.0,1.0
46,162388,1.0,5.0,4.0,2.0,1.0
47,163123,1.0,3.0,3.0,1.0,2.0
48,152514,1.0,3.0,3.0,3.0,1.0
49,147389,1.0,4.0,4.0,4.0,1.0
50,145390,1.0,3.0,3.0,3.0,1.0
51,165752,1.0,4.0,3.0,1.0,3.0
52,161553,1.0,3.0,3.0,3.0,1.0
53,162450,1.0,4.0,3.0,1.0,2.0
54,166124,1.0,2.0,2.0,2.0,1.0
55,148577,1.0,4.0,4.0,3.0,1.0
56,167294,1.0,4.0,2.0,1.0,2.0
57,141496,1.0,4.0,5.0,4.0,1.0
58,138987,1.0,3.0,3.0,1.0,3.0
59,146923,1.0,4.0,4.0,4.0,1.0
60,161739,1.0,4.0,3.0,2.0,1.0
61,158385,1.0,4.0,3.0,3.0,1.0
62,160164,1.0,5.0,3.0,2.0,1.0
63,148586,1.0,3.0,3.0,3.0,1.0
64,161831,1.0,3.0,3.0,3.0,1.0
65,139389,1.0,3.0,4.0,3.0,1.0
66,141085,1.0,3.0,4.0,4.0,1.0
67,153998,1.0,3.0,3.0,3.0,1.0
68,147768,1.0,4.0,3.0,3.0,1.0
69,168687,1.0,4.0,3.0,3.0,1.0
70,138409,1.0,3.0,3.0,3.0,1.0
71,166552,1.0,4.0,1.0,1.0,3.0
72,145736,1.0,4.0,3.0,4.0,1.0
73,141203,1.0,4.0,2.0,1.0,2.0
74,155188,1.0,4.0,4.0,4.0,1.0
75,162264,1.0,4.0,4.0,3.0,1.0
76,159512,1.0,3.0,4.0,4.0,1.0
77,145575,1.0,5.0,2.0,1.0,2.0
78,162828,1.0,3.0,3.0,1.0,2.0
79,163945,1.0,4.0,4.0,4.0,1.0
80,145337,1.0,3.0,3.0,1.0,2.0
81,148349,1.0,4.0,3.0,4.0,1.0
82,144858,1.0,3.0,3.0,1.0,3.0
83,164772,1.0,2.0,4.0,3.0,1.0
84,163443,1.0,3.0,5.0,4.0,1.0
85,167352,1.0,4.0,3.0,1.0,2.0
86,161340,1.0,3.0,4.0,1.0,2.0
87,162970,1.0,4.0,2.0,1.0,2.0
88,140831,1.0,3.0,3.0,3.0,1.0
89,152637,1.0,5.0,5.0,1.0,2.0
90,166503,1.0,4.0,3.0,4.0,1.0
91,160586,1.0,3.0,4.0,3.0,1.0
92,140792,1.0,3.0,5.0,4.0,1.0
93,152508,1.0,3.0,4.0,4.0,1.0
94,152155,1.0,3.0,4.0,4.0,1.0
95,150690,1.0,4.0,2.0,1.0,2.0
96,168408,1.0,4.0,3.0,3.0,1.0
97,161049,1.0,3.0,2.0,1.0,2.0
98,137951,1.0,4.0,5.0,4.0,1.0
99,138447,1.0,3.0,4.0,3.0,1.0
100,138971,1.0,5.0,5.0,4.0,1.0
101,151954,1.0,3.0,4.0,3.0,1.0
102,163180,1.0,2.0,5.0,4.0,1.0
103,146046,1.0,4.0,4.0,4.0,1.0
104,152343,1.0,5.0,4.0,1.0,3.0
105,143456,1.0,5.0,2.0,1.0,2.0
106,154880,1.0,4.0,3.0,3.0,1.0
107,166616,1.0,3.0,2.0,1.0,2.0
108,165154,1.0,3.0,3.0,3.0,1.0
109,149427,1.0,3.0,4.0,3.0,1.0
110,145955,1.0,3.0,4.0,3.0,1.0
111,167347,1.0,5.0,4.0,1.0,2.0
112,157086,1.0,3.0,3.0,1.0,2.0
113,158180,1.0,4.0,3.0,1.0,2.0
114,139488,1.0,4.0,3.0,3.0,1.0
115,146263,1.0,4.0,5.0,4.0,1.0
116,166717,1.0,5.0,5.0,5.0,1.0
117,137955,1.0,4.0,4.0,3.0,1.0
118,166858,1.0,4.0,3.0,3.0,1.0
119,165316,1.0,3.0,4.0,4.0,1.0
120,141409,1.0,3.0,5.0,4.0,1.0
121,137483,1.0,4.0,2.0,2.0,1.0
122,166998,1.0,4.0,5.0,5.0,1.0
123,166018,1.0,3.0,3.0,1.0,2.0
124,144540,1.0,4.0,3.0,3.0,1.0
125,149594,1.0,3.0,3.0,1.0,2.0
126,154128,1.0,4.0,4.0,4.0,1.0
127,158445,1.0,3.0,3.0,3.0,1.0
128,167479,1.0,4.0,3.0,1.0,2.0
129,146887,1.0,3.0,3.0,3.0,1.0
130,147129,1.0,3.0,2.0,1.0,2.0
131,144420,1.0,4.0,3.0,2.0,1.0
132,137212,1.0,4.0,3.0,3.0,1.0
133,163167,1.0,4.0,5.0,5.0,1.0
134,155622,1.0,4.0,3.0,1.0,2.0
135,150395,1.0,4.0,4.0,2.0,1.0
136,167345,1.0,4.0,3.0,1.0,2.0
137,162293,1.0,4.0,5.0,5.0,1.0
138,160951,1.0,3.0,3.0,3.0,1.0
139,140005,1.0,3.0,3.0,3.0,1.0
140,166986,1.0,3.0,3.0,2.0,1.0
141,145489,1.0,3.0,4.0,4.0,1.0
142,163741,1.0,3.0,4.0,3.0,1.0
143,148393,1.0,3.0,3.0,3.0,1.0
144,154043,1.0,3.0,3.0,3.0,1.0
145,166386,1.0,3.0,2.0,1.0,2.0
146,139899,1.0,4.0,3.0,3.0,1.0
147,148934,1.0,4.0,3.0,2.0,1.0
148,152442,1.0,4.0,3.0,3.0,1.0
149,148979,1.0,5.0,3.0,3.0,1.0
150,163731,1.0,3.0,4.0,4.0,1.0
151,149589,1.0,3.0,2.0,2.0,1.0
152,166169,1.0,3.0,5.0,4.0,1.0
153,145899,1.0,4.0,4.0,4.0,1.0
154,154355,1.0,3.0,5.0,4.0,1.0
155,150541,1.0,3.0,3.0,3.0,1.0
156,167210,1.0,4.0,4.0,3.0,1.0
157,146071,1.0,2.0,3.0,4.0,1.0
158,166560,1.0,3.0,3.0,3.0,1.0
159,149165,1.0,5.0,2.0,2.0,1.0
160,162681,1.0,3.0,3.0,3.0,1.0
161,162862,1.0,4.0,3.0,1.0,2.0
162,141732,1.0,4.0,2.0,2.0,1.0
163,155491,1.0,4.0,4.0,4.0,1.0
164,155796,1.0,4.0,2.0,1.0,2.0
165,147152,1.0,4.0,5.0,4.0,1.0
166,165785,1.0,2.0,3.0,3.0,1.0
167,145986,1.0,3.0,3.0,1.0,2.0
168,139743,1.0,3.0,4.0,4.0,1.0
169,168587,1.0,5.0,2.0,1.0,3.0
170,140571,1.0,3.0,3.0,1.0,2.0
171,148360,1.0,3.0,3.0,1.0,2.0
172,149717,1.0,3.0,3.0,4.0,1.0
173,143368,1.0,3.0,2.0,1.0,2.0
174,154367,1.0,3.0,3.0,2.0,1.0
175,146303,1.0,3.0,3.0,1.0,2.0
176,156204,1.0,3.0,5.0,4.0,1.0
177,148919,1.0,3.0,3.0,1.0,2.0
178,160193,1.0,4.0,4.0,3.0,1.0
179,143566,1.0,3.0,4.0,3.0,1.0
180,149057,1.0,4.0,3.0,3.0,1.0
181,154863,1.0,4.0,3.0,1.0,2.0
182,166399,1.0,3.0,3.0,3.0,1.0
183,162718,1.0,3.0,2.0,1.0,2.0
184,148976,1.0,5.0,3.0,3.0,1.0
185,143294,1.0,5.0,3.0,3.0,1.0
186,158499,1.0,4.0,5.0,4.0,1.0
187,167234,1.0,3.0,3.0,3.0,1.0
188,144812,1.0,3.0,3.0,3.0,1.0
189,149232,1.0,5.0,2.0,1.0,3.0
190,140815,1.0,4.0,5.0,5.0,1.0
191,143292,1.0,5.0,3.0,3.0,1.0
192,166318,1.0,4.0,3.0,3.0,1.0
193,164012,1.0,3.0,4.0,1.0,2.0
194,155607,1.0,3.0,4.0,3.0,1.0
195,154610,1.0,3.0,3.0,1.0,2.0
196,165460,1.0,4.0,4.0,1.0,2.0
197,164628,1.0,4.0,2.0,1.0,3.0
198,143558,1.0,4.0,2.0,2.0,1.0
199,151953,1.0,3.0,5.0,4.0,1.0
200,153871,2.0,4.0,3.0,2.0,4.0
201,152278,2.0,2.0,3.0,1.0,2.0
202,158844,2.0,3.0,2.0,1.0,3.0
203,145170,2.0,3.0,3.0,1.0,2.0
204,155448,2.0,3.0,3.0,1.0,2.0
205,144566,2.0,3.0,3.0,1.0,2.0
206,149667,2.0,3.0,2.0,1.0,3.0
207,152071,2.0,4.0,2.0,1.0,2.0
208,158375,2.0,3.0,4.0,3.0,1.0
209,150910,2.0,3.0,2.0,1.0,2.0
210,150988,2.0,3.0,3.0,1.0,2.0
211,164815,2.0,3.0,4.0,1.0,2.0
212,137291,2.0,2.0,2.0,1.0,4.0
213,154699,2.0,3.0,2.0,1.0,2.0
214,148411,2.0,2.0,3.0,1.0,2.0
215,151294,2.0,3.0,3.0,1.0,2.0
216,145639,2.0,4.0,2.0,3.0,1.0
217,156801,2.0,3.0,4.0,3.0,1.0
218,139928,2.0,3.0,4.0,1.0,2.0
219,154599,2.0,2.0,2.0,1.0,3.0
220,151450,2.0,3.0,3.0,1.0,2.0
221,145702,2.0,3.0,3.0,3.0,1.0
222,149398,2.0,3.0,3.0,3.0,1.0
223,168078,2.0,3.0,3.0,1.0,2.0
224,137908,2.0,2.0,3.0,1.0,3.0
225,137420,2.0,3.0,2.0,1.0,2.0
226,150728,2.0,4.0,3.0,1.0,2.0
227,139124,2.0,5.0,2.0,1.0,2.0
228,150362,2.0,2.0,4.0,3.0,1.0
229,165374,2.0,3.0,2.0,1.0,3.0
230,154588,2.0,2.0,5.0,1.0,5.0
231,147101,2.0,3.0,4.0,1.0,2.0
232,166483,2.0,3.0,4.0,4.0,1.0
233,161022,2.0,3.0,3.0,2.0,1.0
234,147312,2.0,3.0,5.0,4.0,1.0
235,140534,2.0,4.0,3.0,1.0,2.0
236,150843,2.0,1.0,4.0,1.0,5.0
237,142809,2.0,4.0,2.0,3.0,1.0
238,147184,2.0,3.0,3.0,3.0,1.0
239,152171,2.0,4.0,2.0,1.0,3.0
240,149535,2.0,5.0,3.0,1.0,2.0
241,158624,2.0,4.0,3.0,4.0,1.0
242,154438,2.0,3.0,3.0,1.0,2.0
243,151886,2.0,5.0,3.0,3.0,1.0
244,141082,2.0,3.0,5.0,4.0,1.0
245,163117,2.0,3.0,2.0,1.0,2.0
246,148203,2.0,3.0,2.0,1.0,2.0
247,146204,2.0,3.0,2.0,1.0,3.0
248,153834,2.0,3.0,2.0,1.0,2.0
249,150716,2.0,4.0,2.0,1.0,3.0
250,138460,2.0,2.0,2.0,1.0,3.0
251,145979,2.0,3.0,2.0,1.0,3.0
252,152202,2.0,3.0,2.0,1.0,2.0
253,142791,2.0,3.0,3.0,1.0,2.0
254,166747,2.0,4.0,2.0,1.0,3.0
255,155240,2.0,5.0,3.0,1.0,2.0
256,145804,2.0,4.0,3.0,1.0,3.0
257,161218,2.0,2.0,3.0,2.0,1.0
258,164584,2.0,3.0,2.0,1.0,2.0
259,157180,2.0,3.0,3.0,1.0,2.0
260,156054,2.0,3.0,2.0,1.0,3.0
261,161281,2.0,2.0,4.0,3.0,1.0
262,137653,2.0,2.0,5.0,3.0,1.0
263,167151,2.0,3.0,2.0,1.0,2.0
264,147508,2.0,4.0,3.0,1.0,3.0
265,160891,2.0,4.0,5.0,1.0,5.0
266,164503,2.0,5.0,3.0,1.0,2.0
267,155252,2.0,3.0,3.0,1.0,3.0
268,137912,2.0,2.0,2.0,1.0,4.0
269,151963,2.0,3.0,3.0,1.0,2.0
270,157614,2.0,4.0,5.0,1.0,5.0
271,160579,2.0,3.0,2.0,1.0,2.0
272,139379,2.0,2.0,2.0,1.0,4.0
273,162937,2.0,4.0,5.0,3.0,1.0
274,159853,2.0,3.0,4.0,3.0,1.0
275,166625,2.0,4.0,4.0,4.0,1.0
276,158435,2.0,2.0,2.0,1.0,2.0
277,153807,2.0,5.0,3.0,1.0,2.0
278,156341,2.0,3.0,2.0,1.0,2.0
279,148348,2.0,2.0,2.0,1.0,4.0
280,163630,2.0,4.0,4.0,1.0,2.0
281,166260,2.0,2.0,5.0,3.0,1.0
282,142053,2.0,4.0,3.0,3.0,1.0
283,163804,2.0,3.0,3.0,4.0,1.0
284,145794,2.0,2.0,5.0,3.0,1.0
285,166197,2.0,4.0,3.0,1.0,3.0
286,147603,2.0,4.0,4.0,4.0,1.0
287,145446,2.0,3.0,2.0,3.0,1.0
288,151191,2.0,3.0,2.0,1.0,2.0
289,151306,2.0,5.0,3.0,3.0,1.0
290,154452,2.0,3.0,3.0,3.0,1.0
291,143850,2.0,3.0,2.0,1.0,2.0
292,151671,2.0,4.0,4.0,1.0,2.0
293,155876,2.0,3.0,5.0,4.0,1.0
294,150297,2.0,3.0,2.0,1.0,2.0
295,159286,2.0,3.0,3.0,1.0,3.0
296,166689,2.0,4.0,5.0,5.0,1.0
297,155702,2.0,2.0,5.0,4.0,1.0
298,152097,2.0,4.0,3.0,3.0,1.0
299,167282,2.0,4.0,3.0,1.0,2.0
300,166263,2.0,2.0,2.0,1.0,4.0
301,159747,2.0,3.0,2.0,2.0,1.0
302,153498,2.0,3.0,3.0,2.0,1.0
303,157226,2.0,3.0,2.0,1.0,2.0
304,164325,2.0,2.0,5.0,3.0,1.0
305,162133,2.0,2.0,3.0,1.0,3.0
306,158538,2.0,3.0,4.0,3.0,1.0
307,155270,2.0,4.0,2.0,1.0,2.0
308,141228,2.0,3.0,3.0,3.0,1.0
309,150406,2.0,5.0,3.0,1.0,2.0
310,164505,2.0,5.0,3.0,1.0,2.0
311,154451,2.0,3.0,3.0,3.0,1.0
312,155703,2.0,4.0,5.0,4.0,1.0
313,151249,2.0,2.0,3.0,1.0,2.0
314,166729,2.0,3.0,3.0,1.0,2.0
315,164874,2.0,2.0,5.0,3.0,1.0
316,141004,2.0,2.0,4.0,2.0,5.0
317,164164,2.0,3.0,2.0,1.0,3.0
318,151987,2.0,3.0,5.0,4.0,1.0
319,162747,2.0,3.0,2.0,1.0,3.0
320,162993,2.0,2.0,5.0,3.0,1.0
321,151902,2.0,2.0,3.0,1.0,3.0
322,150059,2.0,2.0,3.0,3.0,1.0
323,152334,2.0,4.0,4.0,3.0,1.0
324,159995,2.0,3.0,3.0,2.0,1.0
325,148646,2.0,2.0,2.0,1.0,4.0
326,161496,2.0,4.0,4.0,4.0,1.0
327,149384,2.0,3.0,4.0,3.0,1.0
328,156057,2.0,3.0,3.0,3.0,1.0
329,158851,2.0,3.0,2.0,1.0,3.0
330,159812,2.0,3.0,3.0,1.0,2.0
331,138694,2.0,3.0,3.0,1.0,3.0
332,159082,2.0,3.0,4.0,1.0,4.0
333,156348,2.0,3.0,4.0,1.0,2.0
334,168335,2.0,3.0,3.0,1.0,2.0
335,161839,2.0,2.0,3.0,4.0,1.0
336,141804,2.0,3.0,3.0,1.0,2.0
337,151018,2.0,3.0,2.0,1.0,2.0
338,154434,2.0,4.0,4.0,4.0,1.0
339,153960,2.0,3.0,3.0,2.0,1.0
340,142076,2.0,2.0,2.0,1.0,4.0
341,161521,2.0,4.0,3.0,3.0,1.0
342,150583,2.0,2.0,5.0,3.0,1.0
343,162695,2.0,3.0,3.0,3.0,1.0
344,165287,2.0,2.0,4.0,4.0,1.0
345,150691,2.0,4.0,2.0,1.0,3.0
346,152050,2.0,4.0,2.0,1.0,2.0
347,150880,2.0,4.0,3.0,2.0,1.0
348,141238,2.0,2.0,4.0,3.0,1.0
349,152150,2.0,3.0,2.0,1.0,3.0
350,158623,2.0,4.0,3.0,1.0,2.0
351,161547,2.0,3.0,4.0,3.0,1.0
352,160917,2.0,2.0,5.0,4.0,1.0
353,162367,2.0,5.0,2.0,1.0,3.0
354,137938,2.0,3.0,2.0,1.0,3.0
355,154847,2.0,3.0,5.0,3.0,1.0
356,154698,2.0,3.0,3.0,2.0,1.0
357,159518,2.0,2.0,2.0,1.0,2.0
358,161023,2.0,3.0,2.0,1.0,2.0
359,157938,2.0,3.0,4.0,3.0,1.0
360,143834,2.0,4.0,2.0,1.0,2.0
361,144466,2.0,5.0,3.0,1.0,2.0
362,167254,2.0,3.0,3.0,1.0,2.0
363,166543,2.0,3.0,3.0,3.0,1.0
364,157634,2.0,2.0,5.0,3.0,1.0
365,159519,2.0,3.0,3.0,3.0,1.0
366,163803,2.0,3.0,4.0,3.0,1.0
367,149668,2.0,3.0,3.0,1.0,2.0
368,151155,2.0,3.0,3.0,1.0,2.0
369,161670,2.0,3.0,4.0,3.0,1.0
370,158338,2.0,3.0,2.0,1.0,4.0
371,153800,2.0,3.0,2.0,1.0,2.0
372,162684,2.0,4.0,3.0,1.0,2.0
373,145268,2.0,4.0,2.0,1.0,2.0
374,150252,2.0,5.0,3.0,1.0,2.0
375,137325,2.0,3.0,3.0,1.0,3.0
376,151388,2.0,3.0,3.0,2.0,1.0
377,148044,2.0,4.0,2.0,1.0,2.0
378,154901,2.0,3.0,5.0,3.0,1.0
379,140201,2.0,2.0,4.0,4.0,1.0
380,146696,2.0,2.0,2.0,1.0,3.0
381,149415,2.0,3.0,4.0,1.0,3.0
382,155118,2.0,3.0,3.0,1.0,2.0
383,157251,2.0,2.0,3.0,1.0,2.0
384,141296,2.0,3.0,4.0,1.0,2.0
385,154266,2.0,3.0,4.0,1.0,4.0
386,145321,2.0,3.0,2.0,1.0,2.0
387,151019,2.0,3.0,3.0,3.0,1.0
388,151078,2.0,3.0,5.0,3.0,1.0
389,163152,2.0,3.0,3.0,1.0,2.0
390,162296,2.0,2.0,2.0,1.0,2.0
391,152327,2.0,3.0,3.0,1.0,4.0
392,165492,2.0,3.0,3.0,3.0,1.0
393,166873,2.0,4.0,2.0,2.0,3.0
394,141213,2.0,3.0,2.0,1.0,3.0
395,152350,2.0,4.0,2.0,1.0,2.0
396,158845,2.0,3.0,2.0,1.0,3.0
397,166310,2.0,3.0,5.0,5.0,1.0
398,154237,2.0,4.0,3.0,1.0,2.0
399,163802,2.0,2.0,2.0,1.0,2.0
400,166702,3.0,2.0,4.0,4.0,1.0
401,152086,3.0,5.0,2.0,1.0,2.0
402,168162,3.0,3.0,2.0,1.0,2.0
403,168371,3.0,3.0,2.0,1.0,3.0
404,163752,3.0,5.0,3.0,1.0,2.0
405,141193,3.0,5.0,3.0,1.0,2.0
406,156974,3.0,5.0,1.0,1.0,2.0
407,165317,3.0,2.0,2.0,2.0,1.0
408,153883,3.0,3.0,4.0,1.0,2.0
409,151730,3.0,4.0,3.0,1.0,2.0
410,145558,3.0,4.0,4.0,1.0,2.0
411,157955,3.0,3.0,2.0,1.0,2.0
412,168109,3.0,2.0,3.0,1.0,4.0
413,148019,3.0,2.0,2.0,2.0,1.0
414,147412,3.0,2.0,3.0,2.0,1.0
415,137939,3.0,3.0,2.0,1.0,3.0
416,149317,3.0,2.0,2.0,1.0,3.0
417,151162,3.0,3.0,2.0,1.0,3.0
418,139672,3.0,5.0,2.0,1.0,2.0
419,148119,3.0,5.0,3.0,1.0,2.0
420,141183,3.0,2.0,3.0,2.0,1.0
421,146171,3.0,2.0,2.0,1.0,3.0
422,151975,3.0,2.0,2.0,1.0,3.0
423,164921,3.0,2.0,2.0,1.0,5.0
424,161753,3.0,3.0,3.0,1.0,2.0
425,148886,3.0,3.0,2.0,1.0,2.0
426,156364,3.0,2.0,2.0,1.0,5.0
427,162833,3.0,2.0,2.0,1.0,3.0
428,146636,3.0,2.0,2.0,1.0,2.0
429,150365,3.0,2.0,3.0,3.0,1.0
430,149675,3.0,2.0,3.0,1.0,3.0
431,161503,3.0,2.0,2.0,1.0,3.0
432,162177,3.0,3.0,2.0,1.0,3.0
433,164750,3.0,2.0,3.0,1.0,2.0
434,148640,3.0,3.0,2.0,2.0,1.0
435,165334,3.0,1.0,3.0,1.0,5.0
436,141439,3.0,4.0,3.0,2.0,4.0
437,168645,3.0,2.0,2.0,1.0,2.0
438,156443,3.0,3.0,2.0,1.0,3.0
439,150945,3.0,2.0,3.0,1.0,3.0
440,142389,3.0,2.0,2.0,1.0,5.0
441,148099,3.0,2.0,4.0,1.0,2.0
442,145502,3.0,1.0,3.0,2.0,1.0
443,138484,3.0,2.0,3.0,1.0,3.0
444,163112,3.0,3.0,2.0,1.0,2.0
445,142788,3.0,5.0,3.0,1.0,2.0
446,166326,3.0,2.0,3.0,1.0,3.0
447,144468,3.0,5.0,3.0,1.0,2.0
448,138368,3.0,3.0,3.0,1.0,3.0
449,147991,3.0,3.0,2.0,2.0,1.0
450,147578,3.0,2.0,2.0,1.0,2.0
451,159703,3.0,2.0,2.0,1.0,5.0
452,151832,3.0,4.0,2.0,1.0,2.0
453,150570,3.0,2.0,1.0,1.0,2.0
454,162831,3.0,2.0,2.0,1.0,4.0
455,165505,3.0,3.0,2.0,1.0,4.0
456,151389,3.0,3.0,3.0,1.0,2.0
457,145426,3.0,3.0,3.0,1.0,2.0
458,143526,3.0,2.0,1.0,1.0,2.0
459,151275,3.0,3.0,2.0,1.0,2.0
460,162265,3.0,2.0,3.0,1.0,2.0
461,161505,3.0,3.0,3.0,1.0,3.0
462,147452,3.0,2.0,2.0,1.0,4.0
463,163078,3.0,2.0,2.0,1.0,5.0
464,153580,3.0,2.0,3.0,2.0,1.0
465,150911,3.0,4.0,2.0,4.0,1.0
466,137910,3.0,3.0,3.0,1.0,3.0
467,148048,3.0,2.0,3.0,1.0,2.0
468,144492,3.0,5.0,2.0,1.0,2.0
469,159777,3.0,2.0,3.0,1.0,3.0
470,165549,3.0,4.0,2.0,1.0,2.0
471,162266,3.0,2.0,2.0,3.0,1.0
472,151197,3.0,2.0,3.0,1.0,2.0
473,142780,3.0,2.0,2.0,2.0,1.0
474,149534,3.0,3.0,4.0,1.0,2.0
475,161504,3.0,2.0,2.0,1.0,5.0
476,137217,3.0,2.0,3.0,1.0,4.0
477,141301,3.0,5.0,2.0,1.0,2.0
478,152688,3.0,2.0,2.0,1.0,4.0
479,150975,3.0,5.0,2.0,1.0,3.0
480,137275,3.0,2.0,2.0,1.0,2.0
481,150002,3.0,3.0,2.0,2.0,1.0
482,155830,3.0,3.0,4.0,1.0,2.0
483,165493,3.0,3.0,2.0,1.0,3.0
484,139872,3.0,4.0,3.0,1.0,2.0
485,162279,3.0,5.0,2.0,1.0,2.0
486,144465,3.0,5.0,3.0,1.0,2.0
487,166757,3.0,4.0,2.0,1.0,2.0
488,151248,3.0,5.0,2.0,1.0,2.0
489,158960,3.0,5.0,3.0,1.0,2.0
490,149672,3.0,4.0,3.0,1.0,2.0
491,156372,3.0,2.0,4.0,2.0,1.0
492,150408,3.0,5.0,3.0,1.0,2.0
493,141355,3.0,5.0,2.0,1.0,2.0
494,149607,3.0,1.0,3.0,2.0,1.0
495,148021,3.0,2.0,2.0,1.0,5.0
496,147959,3.0,3.0,2.0,1.0,2.0
497,167887,3.0,3.0,1.0,1.0,2.0
498,162418,3.0,5.0,3.0,1.0,2.0
499,148885,3.0,2.0,3.0,3.0,1.0
500,165551,3.0,4.0,3.0,1.0,2.0
501,151104,3.0,3.0,3.0,1.0,2.0
502,151750,3.0,2.0,2.0,2.0,1.0
503,148695,3.0,4.0,3.0,1.0,3.0
504,137675,3.0,3.0,2.0,1.0,2.0
505,168634,3.0,3.0,2.0,1.0,3.0
506,137352,3.0,4.0,3.0,1.0,2.0
507,164162,3.0,2.0,2.0,1.0,2.0
508,150366,3.0,2.0,1.0,1.0,2.0
509,151049,3.0,2.0,3.0,3.0,1.0
510,162511,3.0,3.0,2.0,1.0,2.0
511,157092,3.0,2.0,3.0,2.0,1.0
512,153915,3.0,3.0,4.0,1.0,5.0
513,147657,3.0,3.0,3.0,1.0,3.0
514,144082,3.0,3.0,3.0,1.0,3.0
515,140601,3.0,2.0,2.0,1.0,4.0
516,168174,3.0,3.0,3.0,1.0,4.0
517,147064,3.0,2.0,2.0,1.0,4.0
518,152069,3.0,2.0,2.0,1.0,2.0
519,139916,3.0,2.0,2.0,1.0,2.0
520,138253,3.0,5.0,3.0,1.0,2.0
521,161845,3.0,2.0,3.0,1.0,3.0
522,141233,3.0,2.0,3.0,1.0,2.0
523,155812,3.0,2.0,2.0,1.0,5.0
524,141184,3.0,2.0,2.0,1.0,2.0
525,145263,3.0,5.0,2.0,1.0,2.0
526,168334,3.0,3.0,2.0,1.0,4.0
527,144998,3.0,4.0,3.0,1.0,3.0
528,137218,3.0,2.0,3.0,1.0,2.0
529,151486,3.0,2.0,3.0,1.0,3.0
530,168672,3.0,3.0,1.0,1.0,2.0
531,166324,3.0,2.0,3.0,1.0,3.0
532,164549,3.0,3.0,2.0,1.0,2.0
533,138126,3.0,5.0,4.0,1.0,2.0
534,168707,3.0,3.0,3.0,1.0,4.0
535,150389,3.0,2.0,2.0,1.0,4.0
536,150478,3.0,2.0,3.0,1.0,2.0
537,141350,3.0,5.0,2.0,1.0,2.0
538,137347,3.0,4.0,3.0,4.0,1.0
539,168577,3.0,3.0,1.0,1.0,3.0
540,154091,3.0,2.0,3.0,1.0,3.0
541,150613,3.0,1.0,3.0,2.0,1.0
542,162376,3.0,3.0,2.0,1.0,5.0
543,160928,3.0,2.0,2.0,1.0,5.0
544,163836,3.0,2.0,3.0,2.0,3.0
545,145448,3.0,2.0,2.0,1.0,2.0
546,164161,3.0,2.0,3.0,2.0,1.0
547,161562,3.0,3.0,2.0,1.0,3.0
548,148222,3.0,5.0,2.0,1.0,2.0
549,142787,3.0,5.0,3.0,1.0,2.0
550,159537,3.0,2.0,2.0,1.0,5.0
551,153391,3.0,2.0,3.0,1.0,2.0
552,155829,3.0,3.0,3.0,1.0,2.0
553,154086,3.0,3.0,3.0,1.0,2.0
554,151039,3.0,5.0,2.0,1.0,2.0
555,166666,3.0,3.0,3.0,1.0,4.0
556,160841,3.0,2.0,2.0,1.0,5.0
557,152037,3.0,3.0,3.0,1.0,2.0
558,156306,3.0,2.0,2.0,1.0,5.0
559,151035,3.0,5.0,2.0,1.0,2.0
560,137272,3.0,1.0,2.0,1.0,1.0
561,150874,3.0,2.0,2.0,2.0,1.0
562,157953,3.0,3.0,3.0,1.0,2.0
563,162697,3.0,2.0,2.0,1.0,4.0
564,151149,3.0,5.0,2.0,1.0,2.0
565,153484,3.0,4.0,4.0,4.0,1.0
566,148189,3.0,2.0,2.0,1.0,3.0
567,154730,3.0,2.0,3.0,1.0,3.0
568,154156,3.0,5.0,3.0,1.0,2.0
569,151145,3.0,4.0,2.0,1.0,2.0
570,164586,3.0,3.0,2.0,1.0,2.0
571,141441,3.0,4.0,3.0,4.0,1.0
572,153850,3.0,3.0,2.0,1.0,4.0
573,151974,3.0,2.0,3.0,2.0,1.0
574,156205,3.0,3.0,3.0,1.0,3.0
575,142831,3.0,2.0,2.0,1.0,3.0
576,150253,3.0,5.0,3.0,1.0,2.0
577,160423,3.0,2.0,2.0,1.0,4.0
578,157475,3.0,2.0,2.0,1.0,3.0
579,151769,3.0,3.0,1.0,1.0,2.0
580,168365,3.0,2.0,3.0,3.0,1.0
581,150841,3.0,1.0,3.0,2.0,1.0
582,163297,3.0,5.0,2.0,1.0,2.0
583,149910,3.0,3.0,3.0,2.0,1.0
584,143118,3.0,2.0,2.0,1.0,4.0
585,165319,3.0,3.0,2.0,2.0,1.0
586,161919,3.0,2.0,3.0,1.0,3.0
587,153591,3.0,5.0,2.0,1.0,3.0
588,160536,3.0,2.0,3.0,2.0,1.0
589,159055,3.0,4.0,3.0,4.0,1.0
590,153566,3.0,4.0,4.0,2.0,5.0
591,166325,3.0,2.0,3.0,1.0,3.0
592,137459,3.0,2.0,2.0,1.0,5.0
593,148047,3.0,2.0,3.0,1.0,3.0
594,164496,3.0,2.0,1.0,1.0,3.0
595,161251,3.0,3.0,4.0,4.0,1.0
596,149909,3.0,3.0,2.0,1.0,2.0
597,151277,3.0,3.0,3.0,2.0,1.0
598,167580,3.0,2.0,4.0,3.0,1.0
599,161542,3.0,2.0,3.0,3.0,1.0
600,154028,4.0,1.0,2.0,1.0,3.0
601,159510,4.0,2.0,2.0,1.0,2.0
602,147461,4.0,2.0,2.0,1.0,2.0
603,163098,4.0,2.0,2.0,1.0,4.0
604,155928,4.0,1.0,2.0,1.0,3.0
605,146372,4.0,2.0,2.0,1.0,2.0
606,146063,4.0,3.0,3.0,1.0,2.0
607,162062,4.0,2.0,2.0,1.0,3.0
608,155831,4.0,2.0,4.0,1.0,2.0
609,152587,4.0,2.0,2.0,1.0,2.0
610,139200,4.0,2.0,4.0,1.0,2.0
611,147640,4.0,2.0,2.0,1.0,2.0
612,164632,4.0,2.0,2.0,1.0,2.0
613,161435,4.0,2.0,3.0,1.0,2.0
614,150376,4.0,1.0,3.0,2.0,1.0
615,150991,4.0,2.0,2.0,1.0,3.0
616,161126,4.0,2.0,4.0,1.0,2.0
617,139194,4.0,1.0,4.0,2.0,1.0
618,160013,4.0,1.0,2.0,1.0,2.0
619,139671,4.0,2.0,2.0,1.0,2.0
620,141499,4.0,1.0,3.0,2.0,1.0
621,145974,4.0,2.0,4.0,2.0,1.0
622,151920,4.0,1.0,1.0,1.0,2.0
623,151244,4.0,2.0,2.0,1.0,2.0
624,165318,4.0,2.0,3.0,1.0,2.0
625,149992,4.0,2.0,2.0,1.0,3.0
626,162958,4.0,3.0,2.0,1.0,2.0
627,150752,4.0,2.0,3.0,1.0,3.0
628,160892,4.0,2.0,4.0,2.0,5.0
629,152353,4.0,2.0,2.0,1.0,4.0
630,148759,4.0,2.0,2.0,2.0,1.0
631,150397,4.0,1.0,3.0,1.0,3.0
632,145254,4.0,2.0,2.0,1.0,1.0
633,149491,4.0,1.0,3.0,1.0,3.0
634,164949,4.0,2.0,3.0,1.0,2.0
635,151382,4.0,2.0,2.0,1.0,3.0
636,145741,4.0,2.0,2.0,1.0,3.0
637,138817,4.0,4.0,4.0,1.0,2.0
638,137504,4.0,2.0,2.0,1.0,2.0
639,154686,4.0,1.0,2.0,1.0,3.0
640,165711,4.0,2.0,2.0,1.0,3.0
641,140374,4.0,2.0,3.0,1.0,2.0
642,162547,4.0,2.0,3.0,1.0,3.0
643,147580,4.0,2.0,2.0,1.0,3.0
644,147607,4.0,1.0,4.0,2.0,1.0
645,153613,4.0,1.0,2.0,1.0,2.0
646,167914,4.0,2.0,2.0,1.0,1.0
647,149994,4.0,2.0,2.0,2.0,1.0
648,159535,4.0,2.0,2.0,1.0,5.0
649,141451,4.0,2.0,3.0,3.0,1.0
650,139564,4.0,2.0,2.0,1.0,2.0
651,148860,4.0,3.0,3.0,4.0,1.0
652,162032,4.0,2.0,3.0,1.0,2.0
653,150990,4.0,1.0,2.0,1.0,2.0
654,149312,4.0,2.0,3.0,1.0,2.0
655,149602,4.0,2.0,3.0,2.0,1.0
656,151270,4.0,2.0,3.0,1.0,2.0
657,151242,4.0,2.0,2.0,1.0,2.0
658,160871,4.0,2.0,3.0,1.0,2.0
659,146349,4.0,1.0,3.0,2.0,1.0
660,151351,4.0,1.0,2.0,1.0,3.0
661,146593,4.0,2.0,3.0,1.0,3.0
662,152452,4.0,1.0,3.0,2.0,1.0
663,164850,4.0,2.0,2.0,1.0,3.0
664,139176,4.0,2.0,2.0,1.0,2.0
665,145176,4.0,1.0,5.0,4.0,5.0
666,151003,4.0,2.0,2.0,1.0,2.0
667,163252,4.0,2.0,2.0,1.0,5.0
668,161905,4.0,1.0,2.0,1.0,2.0
669,159961,4.0,3.0,3.0,1.0,2.0
670,150432,4.0,2.0,2.0,1.0,2.0
671,165575,4.0,2.0,2.0,1.0,2.0
672,162957,4.0,3.0,2.0,1.0,2.0
673,155429,4.0,2.0,2.0,1.0,2.0
674,140062,4.0,2.0,3.0,1.0,2.0
675,161972,4.0,2.0,2.0,1.0,4.0
676,165807,4.0,1.0,4.0,3.0,5.0
677,162541,4.0,1.0,2.0,1.0,1.0
678,162229,4.0,2.0,2.0,1.0,2.0
679,159491,4.0,1.0,2.0,1.0,2.0
680,164590,4.0,3.0,3.0,1.0,2.0
681,155243,4.0,2.0,3.0,1.0,2.0
682,150666,4.0,1.0,2.0,2.0,1.0
683,140237,4.0,2.0,2.0,1.0,3.0
684,160567,4.0,1.0,3.0,1.0,3.0
685,145867,4.0,2.0,3.0,1.0,3.0
686,141894,4.0,2.0,3.0,1.0,2.0
687,161463,4.0,2.0,2.0,1.0,2.0
688,150254,4.0,2.0,3.0,1.0,2.0
689,148120,4.0,2.0,2.0,3.0,1.0
690,159050,4.0,1.0,2.0,1.0,2.0
691,154401,4.0,2.0,2.0,1.0,5.0
692,167264,4.0,3.0,2.0,1.0,2.0
693,142928,4.0,1.0,5.0,1.0,5.0
694,163858,4.0,2.0,2.0,1.0,3.0
695,147697,4.0,3.0,4.0,3.0,1.0
696,150943,4.0,3.0,3.0,1.0,3.0
697,164973,4.0,2.0,2.0,1.0,2.0
698,155892,4.0,2.0,2.0,1.0,2.0
699,161012,4.0,2.0,3.0,1.0,3.0
700,147561,4.0,2.0,2.0,1.0,3.0
701,146282,4.0,2.0,2.0,1.0,3.0
702,164276,4.0,2.0,1.0,1.0,2.0
703,147225,4.0,2.0,2.0,1.0,2.0
704,142040,4.0,1.0,2.0,1.0,2.0
705,158120,4.0,2.0,3.0,1.0,2.0
706,149598,4.0,2.0,2.0,1.0,2.0
707,167074,4.0,3.0,4.0,1.0,2.0
708,139792,4.0,2.0,2.0,1.0,2.0
709,148760,4.0,2.0,2.0,1.0,2.0
710,141299,4.0,2.0,3.0,1.0,2.0
711,145740,4.0,2.0,3.0,1.0,2.0
712,140582,4.0,2.0,2.0,1.0,3.0
713,167284,4.0,3.0,4.0,1.0,2.0
714,149559,4.0,1.0,2.0,2.0,1.0
715,165934,4.0,2.0,2.0,1.0,4.0
716,138737,4.0,1.0,5.0,2.0,5.0
717,145876,4.0,2.0,3.0,1.0,2.0
718,149704,4.0,3.0,3.0,1.0,2.0
719,139112,4.0,1.0,3.0,1.0,3.0
720,150793,4.0,1.0,4.0,2.0,1.0
721,153505,4.0,1.0,2.0,1.0,1.0
722,159925,4.0,2.0,3.0,1.0,3.0
723,162251,4.0,1.0,3.0,1.0,3.0
724,162966,4.0,1.0,3.0,1.0,2.0
725,167942,4.0,3.0,2.0,1.0,3.0
726,162411,4.0,2.0,3.0,1.0,4.0
727,155842,4.0,2.0,3.0,1.0,2.0
728,141498,4.0,1.0,3.0,2.0,1.0
729,139566,4.0,2.0,2.0,1.0,3.0
730,156448,4.0,2.0,2.0,1.0,2.0
731,164741,4.0,2.0,5.0,2.0,1.0
732,141388,4.0,1.0,3.0,2.0,1.0
733,167920,4.0,3.0,2.0,1.0,3.0
734,137502,4.0,2.0,2.0,1.0,3.0
735,147600,4.0,2.0,2.0,1.0,2.0
736,150374,4.0,2.0,2.0,1.0,2.0
737,148202,4.0,1.0,2.0,1.0,2.0
738,149996,4.0,2.0,2.0,1.0,2.0
739,154586,4.0,3.0,4.0,1.0,5.0
740,149374,4.0,2.0,2.0,1.0,3.0
741,150974,4.0,2.0,2.0,1.0,3.0
742,141928,4.0,1.0,3.0,1.0,3.0
743,150398,4.0,2.0,3.0,1.0,3.0
744,149474,4.0,2.0,2.0,1.0,3.0
745,164489,4.0,2.0,2.0,1.0,2.0
746,162132,4.0,2.0,2.0,1.0,2.0
747,146797,4.0,2.0,2.0,1.0,2.0
748,149651,4.0,2.0,2.0,1.0,2.0
749,160461,4.0,2.0,3.0,1.0,2.0
750,140603,4.0,2.0,3.0,1.0,2.0
751,151352,4.0,1.0,2.0,1.0,3.0
752,149997,4.0,1.0,2.0,1.0,3.0
753,164912,4.0,2.0,2.0,1.0,3.0
754,146088,4.0,2.0,4.0,2.0,5.0
755,147614,4.0,1.0,3.0,2.0,1.0
756,163986,4.0,2.0,2.0,1.0,3.0
757,146092,4.0,2.0,4.0,2.0,5.0
758,153963,4.0,2.0,3.0,1.0,2.0
759,166740,4.0,2.0,2.0,1.0,3.0
760,167844,4.0,3.0,3.0,1.0,2.0
761,148449,4.0,1.0,3.0,1.0,3.0
762,154342,4.0,3.0,2.0,1.0,2.0
763,146093,4.0,3.0,2.0,1.0,3.0
764,146681,4.0,2.0,2.0,1.0,3.0
765,147865,4.0,1.0,3.0,2.0,1.0
766,150355,4.0,2.0,2.0,1.0,3.0
767,148758,4.0,2.0,2.0,1.0,2.0
768,160894,4.0,2.0,5.0,1.0,5.0
769,140170,4.0,1.0,3.0,1.0,3.0
770,155304,4.0,3.0,4.0,1.0,2.0
771,158160,4.0,2.0,3.0,1.0,2.0
772,150669,4.0,2.0,2.0,1.0,2.0
773,167775,4.0,3.0,2.0,1.0,3.0
774,164277,4.0,2.0,1.0,1.0,2.0
775,147435,4.0,3.0,3.0,1.0,2.0
776,159239,4.0,2.0,2.0,1.0,1.0
777,153895,4.0,1.0,5.0,1.0,2.0
778,149646,4.0,2.0,2.0,1.0,2.0
779,163211,4.0,2.0,2.0,1.0,2.0
780,162853,4.0,2.0,3.0,1.0,2.0
781,158334,4.0,3.0,4.0,1.0,2.0
782,154394,4.0,2.0,3.0,1.0,2.0
783,148304,4.0,1.0,3.0,1.0,3.0
784,163114,4.0,3.0,3.0,1.0,2.0
785,163480,4.0,2.0,2.0,1.0,2.0
786,147455,4.0,2.0,3.0,1.0,4.0
787,149470,4.0,1.0,3.0,1.0,3.0
788,162341,4.0,2.0,2.0,1.0,2.0
789,159493,4.0,2.0,2.0,1.0,2.0
790,149512,4.0,2.0,2.0,2.0,1.0
791,165123,4.0,2.0,2.0,1.0,3.0
792,146881,4.0,1.0,3.0,1.0,3.0
793,147698,4.0,3.0,5.0,1.0,5.0
794,148592,4.0,2.0,3.0,1.0,2.0
795,155895,4.0,1.0,3.0,1.0,2.0
796,155861,4.0,2.0,2.0,1.0,2.0
797,147745,4.0,2.0,2.0,1.0,2.0
798,164355,4.0,2.0,2.0,1.0,3.0
799,163212,4.0,2.0,3.0,2.0,1.0
800,166692,5.0,3.0,1.0,1.0,2.0
801,150039,5.0,1.0,2.0,1.0,2.0
802,168696,5.0,3.0,5.0,3.0,5.0
803,146225,5.0,3.0,5.0,1.0,2.0
804,138150,5.0,1.0,4.0,2.0,5.0
805,141851,5.0,3.0,2.0,1.0,2.0
806,146693,5.0,2.0,5.0,1.0,2.0
807,161246,5.0,2.0,4.0,2.0,5.0
808,146749,5.0,2.0,2.0,1.0,2.0
809,142794,5.0,3.0,5.0,1.0,2.0
810,146527,5.0,1.0,4.0,1.0,2.0
811,162389,5.0,3.0,3.0,1.0,2.0
812,162924,5.0,3.0,5.0,1.0,2.0
813,162519,5.0,2.0,5.0,2.0,5.0
814,159960,5.0,3.0,4.0,1.0,2.0
815,149323,5.0,2.0,3.0,1.0,2.0
816,159248,5.0,3.0,4.0,1.0,2.0
817,154428,5.0,3.0,5.0,2.0,5.0
818,138457,5.0,1.0,4.0,2.0,5.0
819,145173,5.0,1.0,4.0,2.0,5.0
820,150770,5.0,3.0,5.0,1.0,5.0
821,147429,5.0,4.0,4.0,1.0,2.0
822,147251,5.0,3.0,4.0,1.0,3.0
823,147425,5.0,2.0,4.0,2.0,1.0
824,162142,5.0,2.0,5.0,3.0,5.0
825,140379,5.0,2.0,3.0,1.0,2.0
826,152989,5.0,1.0,4.0,1.0,2.0
827,166047,5.0,2.0,5.0,1.0,1.0
828,154582,5.0,2.0,3.0,1.0,2.0
829,152448,5.0,3.0,5.0,1.0,2.0
830,167285,5.0,3.0,5.0,1.0,2.0
831,162463,5.0,3.0,4.0,1.0,2.0
832,147608,5.0,2.0,2.0,1.0,2.0
833,158285,5.0,4.0,5.0,1.0,2.0
834,147463,5.0,2.0,2.0,1.0,2.0
835,150152,5.0,2.0,3.0,1.0,2.0
836,145556,5.0,2.0,5.0,1.0,2.0
837,167167,5.0,2.0,5.0,2.0,5.0
838,141715,5.0,1.0,4.0,2.0,1.0
839,150458,5.0,3.0,4.0,1.0,2.0
840,144672,5.0,4.0,4.0,1.0,2.0
841,148228,5.0,2.0,4.0,1.0,2.0
842,159954,5.0,3.0,5.0,1.0,2.0
843,148420,5.0,3.0,3.0,1.0,2.0
844,141005,5.0,1.0,4.0,2.0,5.0
845,137322,5.0,3.0,2.0,1.0,2.0
846,162149,5.0,3.0,5.0,4.0,5.0
847,159969,5.0,2.0,3.0,1.0,2.0
848,139943,5.0,2.0,5.0,2.0,5.0
849,158465,5.0,2.0,3.0,1.0,2.0
850,148903,5.0,2.0,3.0,1.0,2.0
851,162100,5.0,2.0,5.0,1.0,5.0
852,154169,5.0,2.0,4.0,1.0,2.0
853,146381,5.0,2.0,5.0,2.0,5.0
854,145923,5.0,4.0,2.0,1.0,2.0
855,168429,5.0,2.0,5.0,2.0,5.0
856,165170,5.0,3.0,3.0,1.0,2.0
857,148767,5.0,3.0,3.0,1.0,2.0
858,161752,5.0,2.0,3.0,1.0,2.0
859,148076,5.0,3.0,5.0,1.0,2.0
860,153011,5.0,4.0,4.0,1.0,2.0
861,163116,5.0,1.0,4.0,1.0,4.0
862,153486,5.0,2.0,3.0,1.0,2.0
863,160897,5.0,3.0,5.0,2.0,5.0
864,148065,5.0,3.0,3.0,1.0,2.0
865,145157,5.0,2.0,3.0,1.0,2.0
866,146356,5.0,3.0,5.0,1.0,2.0
867,148507,5.0,2.0,2.0,1.0,2.0
868,161515,5.0,3.0,4.0,1.0,2.0
869,159214,5.0,3.0,4.0,1.0,2.0
870,145877,5.0,4.0,4.0,1.0,2.0
871,160714,5.0,1.0,4.0,1.0,2.0
872,167222,5.0,4.0,5.0,1.0,5.0
873,150771,5.0,2.0,5.0,2.0,5.0
874,137284,5.0,2.0,5.0,3.0,5.0
875,162391,5.0,3.0,5.0,1.0,2.0
876,161494,5.0,2.0,4.0,1.0,2.0
877,140995,5.0,3.0,2.0,1.0,2.0
878,144873,5.0,3.0,4.0,1.0,2.0
879,142793,5.0,2.0,4.0,1.0,2.0
880,161586,5.0,2.0,5.0,1.0,5.0
881,159957,5.0,3.0,5.0,1.0,2.0
882,137655,5.0,3.0,5.0,2.0,1.0
883,145613,5.0,3.0,5.0,1.0,2.0
884,146215,5.0,1.0,2.0,1.0,2.0
885,137930,5.0,1.0,4.0,1.0,2.0
886,147696,5.0,2.0,2.0,1.0,2.0
887,155175,5.0,3.0,5.0,1.0,2.0
888,146483,5.0,2.0,4.0,2.0,5.0
889,141254,5.0,2.0,2.0,1.0,2.0
890,156763,5.0,2.0,3.0,1.0,2.0
891,155274,5.0,2.0,3.0,1.0,2.0
892,141358,5.0,3.0,2.0,1.0,2.0
893,150946,5.0,1.0,3.0,1.0,3.0
894,137925,5.0,2.0,5.0,2.0,5.0
895,151333,5.0,2.0,4.0,1.0,2.0
896,139803,5.0,3.0,4.0,1.0,1.0
897,145423,5.0,2.0,4.0,1.0,2.0
898,165860,5.0,3.0,4.0,1.0,2.0
899,144659,5.0,3.0,5.0,2.0,5.0
900,139650,5.0,1.0,3.0,1.0,2.0
901,139425,5.0,1.0,3.0,1.0,2.0
902,148064,5.0,4.0,4.0,1.0,2.0
903,139216,5.0,2.0,3.0,1.0,2.0
904,162097,5.0,2.0,5.0,3.0,5.0
905,154023,5.0,2.0,5.0,2.0,5.0
906,155583,5.0,2.0,2.0,1.0,3.0
907,162738,5.0,3.0,4.0,1.0,2.0
908,148053,5.0,4.0,4.0,1.0,2.0
909,141357,5.0,2.0,2.0,1.0,2.0
910,137354,5.0,2.0,2.0,1.0,2.0
911,152984,5.0,2.0,3.0,3.0,1.0
912,150327,5.0,3.0,3.0,1.0,2.0
913,149682,5.0,3.0,5.0,1.0,2.0
914,155273,5.0,2.0,3.0,1.0,2.0
915,152750,5.0,3.0,5.0,1.0,2.0
916,148437,5.0,2.0,5.0,2.0,1.0
917,151010,5.0,2.0,3.0,1.0,2.0
918,147693,5.0,1.0,2.0,1.0,2.0
919,160603,5.0,2.0,3.0,1.0,1.0
920,166690,5.0,2.0,5.0,2.0,1.0
921,161536,5.0,1.0,4.0,1.0,2.0
922,164863,5.0,2.0,3.0,1.0,2.0
923,153805,5.0,3.0,3.0,1.0,3.0
924,137810,5.0,3.0,4.0,1.0,3.0
925,164710,5.0,3.0,5.0,1.0,2.0
926,148522,5.0,2.0,4.0,1.0,2.0
927,152751,5.0,3.0,5.0,1.0,2.0
928,166619,5.0,2.0,5.0,2.0,5.0
929,144795,5.0,4.0,4.0,1.0,2.0
930,156337,5.0,4.0,4.0,1.0,2.0
931,138121,5.0,3.0,5.0,1.0,2.0
932,162520,5.0,3.0,5.0,1.0,5.0
933,140488,5.0,1.0,5.0,2.0,5.0
934,167682,5.0,2.0,4.0,3.0,5.0
935,151316,5.0,2.0,2.0,1.0,2.0
936,158316,5.0,1.0,5.0,2.0,5.0
937,147881,5.0,2.0,2.0,1.0,2.0
938,167753,5.0,3.0,5.0,1.0,5.0
939,155483,5.0,1.0,3.0,2.0,1.0
940,153918,5.0,3.0,4.0,1.0,2.0
941,158764,5.0,1.0,4.0,2.0,5.0
942,145770,5.0,2.0,4.0,1.0,4.0
943,168428,5.0,2.0,5.0,2.0,5.0
944,146581,5.0,2.0,4.0,2.0,1.0
945,163748,5.0,3.0,3.0,1.0,2.0
946,162269,5.0,2.0,2.0,1.0,2.0
947,139158,5.0,3.0,5.0,1.0,2.0
948,165173,5.0,3.0,4.0,1.0,1.0
949,152909,5.0,1.0,3.0,1.0,2.0
950,154108,5.0,4.0,4.0,1.0,2.0
951,155200,5.0,3.0,5.0,1.0,2.0
952,151915,5.0,2.0,1.0,1.0,1.0
953,151089,5.0,3.0,5.0,1.0,1.0
954,161994,5.0,3.0,4.0,1.0,2.0
955,148715,5.0,2.0,5.0,3.0,5.0
956,141161,5.0,2.0,2.0,1.0,2.0
957,162101,5.0,2.0,5.0,1.0,5.0
958,147138,5.0,3.0,5.0,1.0,2.0
959,152752,5.0,3.0,5.0,1.0,2.0
960,148800,5.0,2.0,3.0,1.0,2.0
961,164581,5.0,2.0,5.0,1.0,2.0
962,138124,5.0,4.0,4.0,1.0,2.0
963,146869,5.0,2.0,5.0,4.0,1.0
964,138152,5.0,1.0,4.0,2.0,5.0
965,147842,5.0,1.0,2.0,2.0,1.0
966,163163,5.0,2.0,5.0,1.0,2.0
967,163258,5.0,2.0,5.0,1.0,2.0
968,164508,5.0,2.0,3.0,1.0,2.0
969,144794,5.0,2.0,2.0,1.0,2.0
970,148015,5.0,3.0,2.0,1.0,3.0
971,161149,5.0,1.0,3.0,1.0,2.0
972,139942,5.0,3.0,5.0,2.0,5.0
973,149458,5.0,2.0,2.0,4.0,1.0
974,156235,5.0,4.0,4.0,1.0,2.0
975,164589,5.0,3.0,5.0,1.0,2.0
976,146963,5.0,1.0,4.0,1.0,2.0
977,144504,5.0,3.0,3.0,1.0,2.0
978,156095,5.0,4.0,4.0,1.0,2.0
979,141017,5.0,3.0,3.0,1.0,2.0
980,146916,5.0,2.0,5.0,1.0,5.0
981,167684,5.0,3.0,5.0,3.0,5.0
982,163647,5.0,2.0,4.0,1.0,2.0
983,138740,5.0,3.0,5.0,2.0,5.0
984,143188,5.0,2.0,2.0,1.0,2.0
985,151916,5.0,2.0,2.0,1.0,2.0
986,146649,5.0,2.0,5.0,1.0,2.0
987,148419,5.0,2.0,2.0,1.0,2.0
988,140270,5.0,3.0,5.0,1.0,2.0
989,164558,5.0,2.0,4.0,1.0,2.0
990,158915,5.0,3.0,4.0,1.0,1.0
991,146222,5.0,4.0,4.0,1.0,2.0
992,150821,5.0,2.0,1.0,1.0,2.0
993,165289,5.0,2.0,5.0,2.0,1.0
994,148451,5.0,2.0,3.0,1.0,2.0
995,147749,5.0,2.0,3.0,2.0,1.0
996,149498,5.0,4.0,3.0,1.0,2.0
997,145753,5.0,2.0,2.0,1.0,2.0
998,166465,5.0,4.0,4.0,1.0,2.0
999,142838,5.0,1.0,2.0,3.0,1.0
